<?xml version="1.0" encoding="UTF-8"?>
<GenRun Id="impl_1" LaunchPart="xc7k70tfbv676-1" LaunchTime="1726361392">
  <File Type="ROUTE-PWR" Name="decoder_power_routed.rpt"/>
  <File Type="PA-TCL" Name="decoder.tcl"/>
  <File Type="ROUTE-PWR-SUM" Name="decoder_power_summary_routed.pb"/>
  <File Type="REPORTS-TCL" Name="decoder_reports.tcl"/>
  <File Type="BITSTR-MSK" Name="decoder.msk"/>
  <File Type="ROUTE-CLK" Name="decoder_clock_utilization_routed.rpt"/>
  <File Type="RDI-RDI" Name="decoder.vdi"/>
  <File Type="POSTROUTE-PHYSOPT-BUS-SKEW-PB" Name="decoder_bus_skew_postroute_physopted.pb"/>
  <File Type="BG-BIT" Name="decoder.bit"/>
  <File Type="BG-DRC" Name="decoder.drc"/>
  <File Type="BG-BGN" Name="decoder.bgn"/>
  <File Type="BG-BIN" Name="decoder.bin"/>
  <File Type="BITSTR-RBT" Name="decoder.rbt"/>
  <File Type="BITSTR-NKY" Name="decoder.nky"/>
  <File Type="BITSTR-BMM" Name="decoder_bd.bmm"/>
  <File Type="BITSTR-MMI" Name="decoder.mmi"/>
  <File Type="ROUTE-METHODOLOGY-DRC" Name="decoder_methodology_drc_routed.rpt"/>
  <File Type="BITSTR-SYSDEF" Name="decoder.sysdef"/>
  <File Type="BITSTR-LTX" Name="debug_nets.ltx"/>
  <File Type="BITSTR-LTX" Name="decoder.ltx"/>
  <File Type="WBT-USG" Name="usage_statistics_webtalk.html"/>
  <File Type="OPT-DRC" Name="decoder_drc_opted.rpt"/>
  <File Type="OPT-HWDEF" Name="decoder.hwdef"/>
  <File Type="PLACE-IO" Name="decoder_io_placed.rpt"/>
  <File Type="PLACE-UTIL" Name="decoder_utilization_placed.rpt"/>
  <File Type="PLACE-UTIL-PB" Name="decoder_utilization_placed.pb"/>
  <File Type="PLACE-CTRL" Name="decoder_control_sets_placed.rpt"/>
  <File Type="PLACE-PRE-SIMILARITY" Name="decoder_incremental_reuse_pre_placed.rpt"/>
  <File Type="ROUTE-DRC" Name="decoder_drc_routed.rpt"/>
  <File Type="ROUTE-DRC-PB" Name="decoder_drc_routed.pb"/>
  <File Type="ROUTE-PWR-RPX" Name="decoder_power_routed.rpx"/>
  <File Type="ROUTE-STATUS" Name="decoder_route_status.rpt"/>
  <File Type="ROUTE-STATUS-PB" Name="decoder_route_status.pb"/>
  <File Type="ROUTE-DCP" Name="decoder_routed.dcp"/>
  <File Type="ROUTE-ERROR-DCP" Name="decoder_routed_error.dcp"/>
  <File Type="ROUTE-BLACKBOX-DCP" Name="decoder_routed_bb.dcp"/>
  <File Type="ROUTE-TIMINGSUMMARY" Name="decoder_timing_summary_routed.rpt"/>
  <File Type="ROUTE-TIMING-PB" Name="decoder_timing_summary_routed.pb"/>
  <File Type="ROUTE-TIMING-RPX" Name="decoder_timing_summary_routed.rpx"/>
  <File Type="ROUTE-SIMILARITY" Name="decoder_incremental_reuse_routed.rpt"/>
  <File Type="ROUTE-BUS-SKEW" Name="decoder_bus_skew_routed.rpt"/>
  <File Type="ROUTE-BUS-SKEW-PB" Name="decoder_bus_skew_routed.pb"/>
  <File Type="ROUTE-BUS-SKEW-RPX" Name="decoder_bus_skew_routed.rpx"/>
  <File Type="OPT-DCP" Name="decoder_opt.dcp"/>
  <File Type="PLACE-DCP" Name="decoder_placed.dcp"/>
  <File Type="PWROPT-DCP" Name="decoder_pwropt.dcp"/>
  <File Type="POSTPLACE-PWROPT-DCP" Name="decoder_postplace_pwropt.dcp"/>
  <File Type="PHYSOPT-DCP" Name="decoder_physopt.dcp"/>
  <File Type="POSTROUTE-PHYSOPT-DCP" Name="decoder_postroute_physopt.dcp"/>
  <File Type="POSTROUTE-PHYSOPT-BLACKBOX-DCP" Name="decoder_postroute_physopt_bb.dcp"/>
  <File Type="POSTROUTE-PHYSOPT-TIMING" Name="decoder_timing_summary_postroute_physopted.rpt"/>
  <File Type="POSTROUTE-PHYSOPT-TIMING-PB" Name="decoder_timing_summary_postroute_physopted.pb"/>
  <File Type="POSTROUTE-PHYSOPT-TIMING-RPX" Name="decoder_timing_summary_postroute_physopted.rpx"/>
  <File Type="POSTROUTE-PHYSOPT-BUS-SKEW" Name="decoder_bus_skew_postroute_physopted.rpt"/>
  <File Type="POSTROUTE-PHYSOPT-BUS-SKEW-RPX" Name="decoder_bus_skew_postroute_physopted.rpx"/>
  <File Type="ROUTE-METHODOLOGY-DRC-PB" Name="decoder_methodology_drc_routed.pb"/>
  <File Type="ROUTE-DRC-RPX" Name="decoder_drc_routed.rpx"/>
  <File Type="ROUTE-METHODOLOGY-DRC-RPX" Name="decoder_methodology_drc_routed.rpx"/>
  <File Type="PDI-FILE" Name="decoder.pdi"/>
  <File Type="BOOT-PDI-FILE" Name="decoder_boot.pdi"/>
  <File Type="PL-PDI-FILE" Name="decoder_pld.pdi"/>
  <File Type="RCFI_FILE" Name="decoder.rcfi"/>
  <File Type="CFI_FILE" Name="decoder.cfi"/>
  <File Type="RNPI_FILE" Name="decoder.rnpi"/>
  <File Type="NPI_FILE" Name="decoder.npi"/>
  <File Type="RBD_FILE" Name="decoder.rbd"/>
  <File Type="ROUTE-RQS" Name="decoder_routed.rqs"/>
  <File Type="POSTROUTE-PHYSOPT-RQS" Name="decoder_postroute_physopted.rqs"/>
  <File Type="ROUTE-RQS-RPT" Name="route_report_qor_suggestions_0.rpt"/>
  <File Type="POSTROUTE-PHYSOPT-RQS-RPT" Name="postroute_physopt_report_qor_suggestions_0.rpt"/>
  <FileSet Name="sources" Type="DesignSrcs" RelSrcDir="$PSRCDIR/sources_1" RelGenDir="$PGENDIR/sources_1">
    <Filter Type="Srcs"/>
    <File Path="$PSRCDIR/sources_1/new/3x8.v">
      <FileInfo>
        <Attr Name="UsedIn" Val="synthesis"/>
        <Attr Name="UsedIn" Val="implementation"/>
        <Attr Name="UsedIn" Val="simulation"/>
      </FileInfo>
    </File>
    <Config>
      <Option Name="DesignMode" Val="RTL"/>
      <Option Name="TopModule" Val="decoder"/>
      <Option Name="TopAutoSet" Val="TRUE"/>
    </Config>
  </FileSet>
  <FileSet Name="constrs_in" Type="Constrs" RelSrcDir="$PSRCDIR/constrs_1" RelGenDir="$PGENDIR/constrs_1">
    <Filter Type="Constrs"/>
    <Config>
      <Option Name="ConstrsType" Val="XDC"/>
    </Config>
  </FileSet>
  <FileSet Name="utils" Type="Utils" RelSrcDir="$PSRCDIR/utils_1" RelGenDir="$PGENDIR/utils_1">
    <Filter Type="Utils"/>
    <File Path="$PSRCDIR/utils_1/imports/synth_1/decoder.dcp">
      <FileInfo>
        <Attr Name="UsedIn" Val="synthesis"/>
        <Attr Name="UsedIn" Val="implementation"/>
        <Attr Name="UsedInSteps" Val="synth_1"/>
        <Attr Name="AutoDcp" Val="1"/>
      </FileInfo>
    </File>
    <Config>
      <Option Name="TopAutoSet" Val="TRUE"/>
    </Config>
  </FileSet>
  <Strategy Version="1" Minor="2">
    <StratHandle Name="Vivado Implementation Defaults" Flow="Vivado Implementation 2024"/>
    <Step Id="init_design"/>
    <Step Id="opt_design"/>
    <Step Id="power_opt_design"/>
    <Step Id="place_design"/>
    <Step Id="post_place_power_opt_design"/>
    <Step Id="phys_opt_design"/>
    <Step Id="route_design"/>
    <Step Id="post_route_phys_opt_design"/>
    <Step Id="write_bitstream"/>
    <Step Id="write_device_image"/>
  </Strategy>
</GenRun>
